asset,correlation,cointegration_p_value,spread_volatility
APTUSDT,0.5281076745990033,0.01293397218312183,0.6847282259727089
