asset,correlation,cointegration_p_value,spread_volatility
SANDUSDT,0.4272289464146455,0.00527397430092977,0.8911118045694785
