asset,correlation,cointegration_p_value,spread_volatility
SANDUSDT,-0.00021878336330356,0.02197085944035023,1.1162604587135734
