asset,correlation,cointegration_p_value,spread_volatility
ADAUSDT,0.00024977979010358244,0.004969569179422173,0.00544228570432646
XRPUSDT,0.0012205127753429983,0.007182621678768047,0.016916097768382002
BANDUSDT,0.4349606836845791,0.012234357848864537,0.0373477876403064
EOSUSDT,0.4311992606933196,0.016683943378649993,0.007275374761275519
ETCUSDT,0.4733380769403731,0.03191990079790414,0.4938259956580884
