asset,correlation,cointegration_p_value,spread_volatility
ETCUSDT,0.4344483446221992,0.02548213444378592,0.4662537832589792
